ID_Cliente,ID_Persona,ID_MetodoPago,Numero_total_alquileres,Gasto_total,Ultima_fecha_alquiler,Duracion_promerio_alquiler
1,1,1,437,3901.69,2024-01-18,4
2,2,2,444,9439.73,2024-08-26,30
3,3,3,152,9769.99,2024-06-05,26
4,4,4,352,6274.78,2023-11-06,6
5,5,5,566,6522.91,2024-08-17,17
6,6,6,311,9663.18,2024-08-08,29
7,7,7,933,261.93,2024-10-07,23
8,8,8,762,5334.74,2024-02-05,12
9,9,9,563,4250.54,2023-10-09,1
10,10,10,560,9378.03,2023-12-17,13
11,11,11,271,2055.29,2024-02-27,16
12,12,12,44,1244.92,2023-11-12,20
13,13,13,824,2020.45,2024-01-04,26
14,14,14,661,349.79,2023-10-09,11
15,15,15,475,9263.1,2023-11-12,24
16,16,16,834,2214.05,2024-07-09,22
17,17,17,463,931.36,2024-08-17,22
18,18,18,430,1412.08,2024-07-23,13
19,19,19,883,3807.71,2024-08-16,14
20,20,20,431,7145.83,2023-11-11,29
21,21,21,135,1704.37,2024-09-29,20
22,22,22,583,660.81,2024-02-11,17
23,23,23,632,873.58,2024-09-22,20
24,24,24,838,6260.74,2023-11-29,4
25,25,25,539,4603.58,2023-12-13,20
26,26,26,7,5710.36,2024-05-17,15
27,27,27,906,3775.0,2024-04-05,4
28,28,28,883,5556.58,2024-08-01,2
29,29,29,261,6030.0,2023-11-23,27
30,30,30,506,8909.55,2023-12-08,24
31,31,31,330,3517.27,2024-03-16,29
32,32,32,619,887.04,2024-05-26,24
33,33,33,738,620.58,2024-05-23,10
34,34,34,641,3209.5,2023-12-26,30
35,35,35,100,8426.82,2024-05-10,16
36,36,36,87,7260.02,2024-01-03,5
37,37,37,443,3142.79,2024-09-21,6
38,38,38,861,2550.07,2024-03-25,30
39,39,39,215,8240.83,2024-08-03,8
40,40,40,388,2131.98,2024-06-18,30
41,41,41,71,8757.22,2023-11-11,8
42,42,42,194,5817.78,2024-05-10,25
43,43,43,758,6416.64,2024-05-29,11
44,44,44,561,4472.71,2024-05-09,14
45,45,45,136,900.21,2023-10-21,11
46,46,46,265,6182.61,2024-01-13,3
47,47,47,383,9543.43,2024-05-26,28
48,48,48,706,424.77,2024-06-20,12
49,49,49,456,2839.92,2024-06-07,10
50,50,50,725,8321.76,2024-06-19,13
51,51,51,846,1221.05,2024-02-28,11
52,52,52,687,5303.24,2024-03-25,29
53,53,53,373,6524.83,2024-07-29,13
54,54,54,497,999.95,2023-10-16,28
55,55,55,201,2713.27,2024-04-29,29
56,56,56,802,3122.67,2023-11-17,1
57,57,57,769,6059.46,2024-08-11,13
58,58,58,465,7698.97,2024-08-05,17
59,59,59,427,531.77,2023-12-18,14
60,60,60,239,808.75,2024-07-03,11
61,61,61,947,2646.41,2024-03-15,11
62,62,62,339,996.55,2024-03-03,27
63,63,63,970,1285.64,2024-02-08,9
64,64,64,471,6869.63,2024-08-08,6
65,65,65,339,7754.95,2024-10-01,26
66,66,66,907,2324.53,2023-12-21,16
67,67,67,636,4136.63,2024-07-25,23
68,68,68,886,8640.92,2023-10-12,30
69,69,69,112,8780.15,2024-10-01,12
70,70,70,555,2822.56,2024-04-05,6
71,71,71,731,5551.46,2024-03-31,30
72,72,72,417,2889.03,2024-09-21,21
73,73,73,872,4792.59,2024-09-13,23
74,74,74,584,508.02,2024-08-13,26
75,75,75,229,4337.78,2024-01-05,17
76,76,76,693,7949.19,2024-07-09,18
77,77,77,962,9560.8,2024-08-15,26
78,78,78,31,7915.09,2023-11-07,25
79,79,79,271,6825.73,2024-01-27,5
80,80,80,927,8628.96,2024-06-01,29
81,81,81,402,3596.51,2023-10-30,13
82,82,82,920,2358.46,2023-11-13,7
83,83,83,383,3594.56,2023-12-13,16
84,84,84,465,9051.7,2024-04-02,15
85,85,85,926,7263.52,2024-10-05,22
86,86,86,480,1131.66,2024-03-11,2
87,87,87,80,2567.26,2024-08-28,14
88,88,88,112,815.08,2024-07-02,1
89,89,89,466,9527.21,2024-03-12,11
90,90,90,675,4475.63,2024-05-05,20
91,91,91,744,2708.29,2024-01-31,4
92,92,92,802,1622.47,2023-11-17,5
93,93,93,425,1964.3,2023-11-22,19
94,94,94,939,4970.93,2024-05-08,1
95,95,95,588,8357.52,2024-05-26,8
96,96,96,916,1929.42,2024-09-05,27
97,97,97,779,371.75,2024-07-16,19
98,98,98,446,3533.23,2024-07-26,3
99,99,99,475,8986.12,2024-03-27,20
100,100,100,797,5972.84,2023-12-12,9
101,101,101,340,2327.44,2024-09-24,11
102,102,102,209,4535.8,2024-04-04,24
103,103,103,695,2625.47,2024-04-10,20
104,104,104,493,2660.75,2024-08-05,9
105,105,105,774,8725.42,2024-08-24,20
106,106,106,932,408.31,2024-01-08,25
107,107,107,322,5675.95,2023-12-14,12
108,108,108,953,4137.28,2023-10-15,15
109,109,109,870,3771.61,2024-04-26,16
110,110,110,726,810.85,2024-06-18,27
111,111,111,488,4766.18,2024-03-14,23
112,112,112,882,457.2,2024-07-31,22
113,113,113,851,2839.84,2024-08-24,25
114,114,114,272,9773.86,2024-08-29,30
115,115,115,313,9431.27,2023-11-03,25
116,116,116,427,5859.47,2024-09-19,5
117,117,117,271,4975.46,2024-06-05,29
118,118,118,184,9053.45,2024-06-12,1
119,119,119,324,7994.67,2024-08-24,8
120,120,120,965,2317.45,2024-06-07,29
121,121,121,184,2651.92,2023-10-25,6
122,122,122,67,3581.7,2024-07-02,2
123,123,123,134,553.33,2024-02-25,18
124,124,124,634,8622.13,2024-08-02,21
125,125,125,176,7735.14,2024-05-02,10
126,126,126,984,8433.8,2023-12-02,11
127,127,127,804,8718.83,2024-07-15,11
128,128,128,493,4152.73,2024-02-24,24
129,129,129,437,7054.36,2023-12-08,30
130,130,130,164,7987.99,2024-03-22,26
131,131,131,480,8573.97,2024-04-07,18
132,132,132,65,3313.66,2024-02-04,1
133,133,133,421,6198.49,2024-05-24,30
134,134,134,464,7973.44,2024-02-04,19
135,135,135,80,5685.14,2024-04-02,5
136,136,136,177,3530.24,2024-05-17,9
137,137,137,898,7367.01,2023-10-27,16
138,138,138,383,6560.45,2023-12-07,25
139,139,139,128,7595.09,2024-07-12,4
140,140,140,400,3604.47,2024-04-26,20
141,141,141,864,4861.35,2024-06-18,29
142,142,142,554,7881.19,2024-02-10,4
143,143,143,754,6498.61,2024-08-09,3
144,144,144,320,8503.69,2024-06-24,3
145,145,145,280,9234.8,2024-05-21,23
146,146,146,836,7522.25,2024-04-28,27
147,147,147,303,5938.55,2023-11-08,24
148,148,148,13,6216.59,2024-08-05,25
149,149,149,285,9297.71,2023-11-20,13
150,150,150,439,8015.84,2024-08-25,10
151,151,151,217,4330.15,2023-10-29,8
152,152,152,415,2087.9,2024-04-02,2
153,153,153,155,2779.91,2024-05-27,5
154,154,154,261,2931.96,2023-12-22,1
155,155,155,513,6741.78,2024-07-24,14
156,156,156,79,9417.17,2024-02-16,5
157,157,157,933,6832.27,2024-03-06,10
158,158,158,27,4823.94,2024-04-28,9
159,159,159,235,9146.51,2024-06-14,3
160,160,160,863,2014.05,2023-12-31,10
161,161,161,489,1160.68,2024-08-22,21
162,162,162,433,9399.62,2023-10-17,7
163,163,163,756,9552.89,2024-09-28,8
164,164,164,133,8084.05,2023-12-27,21
165,165,165,424,3730.78,2023-12-15,2
166,166,166,905,9827.27,2023-12-20,28
167,167,167,726,7901.07,2024-06-15,22
168,168,168,432,5032.45,2024-01-04,19
169,169,169,824,3121.46,2024-08-06,11
170,170,170,147,4428.44,2023-12-03,26
171,171,171,347,2607.52,2024-03-08,24
172,172,172,952,7824.12,2023-10-09,22
173,173,173,732,6696.51,2024-06-12,16
174,174,174,542,7967.75,2024-01-19,11
175,175,175,485,6940.54,2024-06-13,13
176,176,176,468,2699.4,2024-02-23,6
177,177,177,453,5144.01,2024-04-03,29
178,178,178,913,1067.38,2023-12-07,6
179,179,179,464,3037.77,2023-12-09,1
180,180,180,269,5979.14,2024-07-23,24
181,181,181,128,4578.33,2024-05-10,19
182,182,182,144,4865.42,2023-12-25,13
183,183,183,979,7913.21,2023-12-17,8
184,184,184,858,2696.5,2024-08-30,24
185,185,185,539,7587.39,2024-02-14,13
186,186,186,481,6690.04,2024-03-26,26
187,187,187,922,828.01,2023-11-30,25
188,188,188,56,5171.79,2023-10-21,24
189,189,189,694,1864.16,2024-01-15,4
190,190,190,882,3188.14,2023-10-14,5
191,191,191,185,1580.7,2024-03-21,29
192,192,192,181,6469.14,2024-07-16,16
193,193,193,677,2650.56,2024-06-05,19
194,194,194,470,129.17,2023-12-19,20
195,195,195,969,5798.96,2024-01-14,1
196,196,196,508,9690.32,2024-04-21,22
197,197,197,978,8410.48,2024-03-26,4
198,198,198,628,294.91,2024-03-26,21
199,199,199,843,6778.81,2024-05-01,18
200,200,200,748,4997.36,2024-04-04,25
201,201,201,611,6878.89,2024-03-10,10
202,202,202,423,7726.91,2024-02-13,8
203,203,203,134,9691.33,2024-04-28,11
204,204,204,245,926.47,2023-12-05,15
205,205,205,768,5881.0,2023-10-14,4
206,206,206,138,9527.08,2024-06-08,8
207,207,207,792,8564.56,2024-10-05,18
208,208,208,234,6914.52,2023-12-10,29
209,209,209,164,4630.95,2024-08-13,3
210,210,210,445,7377.2,2024-08-21,19
211,211,211,414,3047.72,2023-11-14,24
212,212,212,143,3520.39,2024-06-10,10
213,213,213,446,919.68,2024-09-19,9
214,214,214,323,1320.05,2024-07-10,10
215,215,215,50,8938.4,2024-10-06,3
216,216,216,580,3124.94,2023-12-19,2
217,217,217,614,8143.74,2024-09-26,2
218,218,218,55,2384.94,2024-09-18,19
219,219,219,5,3881.91,2024-02-29,10
220,220,220,829,4101.69,2024-09-09,8
221,221,221,17,4641.95,2024-04-06,23
222,222,222,206,6999.08,2024-07-05,17
223,223,223,438,4229.4,2024-05-25,10
224,224,224,174,594.5,2024-04-26,15
225,225,225,96,3339.2,2024-05-21,3
226,226,226,225,4739.52,2024-02-03,17
227,227,227,388,6304.03,2024-08-19,11
228,228,228,86,9879.87,2023-12-10,18
229,229,229,401,1490.55,2024-03-11,14
230,230,230,779,9943.28,2024-01-27,1
231,231,231,842,232.82,2024-04-29,7
232,232,232,208,2248.41,2023-12-24,3
233,233,233,578,897.46,2024-03-14,8
234,234,234,510,2495.26,2023-10-23,9
235,235,235,513,9490.91,2024-06-13,22
236,236,236,658,1217.86,2024-04-23,21
237,237,237,718,6100.24,2024-01-22,23
238,238,238,936,1119.04,2024-06-20,2
239,239,239,976,3322.07,2023-11-19,15
240,240,240,490,8066.2,2024-01-12,19
241,241,241,380,8282.23,2024-07-12,7
242,242,242,320,7743.63,2023-12-05,29
243,243,243,494,4319.96,2023-10-15,2
244,244,244,617,8683.26,2024-05-01,25
245,245,245,283,3499.47,2024-07-13,1
246,246,246,439,7730.77,2024-02-23,24
247,247,247,379,1048.23,2024-03-23,12
248,248,248,542,1166.38,2024-06-10,30
249,249,249,608,2271.47,2024-04-12,18
250,250,250,821,7094.71,2024-06-07,17
251,251,251,65,3013.71,2024-02-05,22
252,252,252,659,8189.66,2024-09-20,21
253,253,253,344,363.19,2024-09-22,24
254,254,254,487,6878.21,2024-06-10,8
255,255,255,763,4793.22,2024-04-09,28
256,256,256,122,644.68,2023-11-10,4
257,257,257,628,428.23,2024-02-07,1
258,258,258,59,5289.74,2023-11-27,28
259,259,259,392,6804.94,2024-03-15,5
260,260,260,701,8097.31,2023-11-27,26
261,261,261,437,8166.13,2024-03-05,5
262,262,262,514,7479.34,2024-07-24,16
263,263,263,181,1758.43,2023-11-24,6
264,264,264,229,2129.28,2024-06-29,5
265,265,265,210,2708.28,2024-01-27,30
266,266,266,223,6023.51,2023-12-24,16
267,267,267,136,5897.5,2024-06-02,30
268,268,268,45,7457.96,2024-06-26,3
269,269,269,652,8307.58,2024-01-26,19
270,270,270,239,804.63,2024-05-19,30
271,271,271,77,9153.69,2024-08-23,13
272,272,272,951,5580.11,2024-04-23,5
273,273,273,410,144.69,2024-02-15,21
274,274,274,214,3020.57,2024-04-27,22
275,275,275,717,8785.21,2023-11-13,9
276,276,276,556,658.46,2023-10-18,13
277,277,277,754,1863.01,2023-11-12,8
278,278,278,838,7092.25,2023-11-28,22
279,279,279,241,8184.29,2024-02-08,9
280,280,280,968,3589.48,2024-02-22,17
281,281,281,48,3034.24,2024-02-09,21
282,282,282,472,7911.29,2024-01-14,1
283,283,283,424,3615.67,2024-10-02,2
284,284,284,975,2896.24,2024-08-26,25
285,285,285,32,2008.5,2024-02-02,3
286,286,286,554,3243.92,2024-06-04,5
287,287,287,902,3775.56,2024-04-18,12
288,288,288,28,207.88,2023-12-31,20
289,289,289,144,5948.94,2024-04-03,20
290,290,290,315,5091.65,2024-04-02,26
291,291,291,446,2562.87,2024-08-09,30
292,292,292,568,5348.28,2023-12-15,20
293,293,293,629,2590.66,2024-01-06,3
294,294,294,646,4220.9,2024-07-03,17
295,295,295,198,9231.59,2023-11-19,1
296,296,296,370,6893.86,2024-03-25,29
297,297,297,567,3969.48,2023-12-18,18
298,298,298,220,6055.48,2024-04-27,30
299,299,299,113,5879.91,2023-11-05,11
300,300,300,599,5078.55,2024-01-20,10
301,301,301,894,5075.11,2024-07-26,6
302,302,302,641,9001.64,2024-10-04,19
303,303,303,721,9155.45,2024-07-29,1
304,304,304,871,5130.88,2024-09-09,25
305,305,305,202,8871.57,2023-10-26,16
306,306,306,554,5704.37,2023-12-25,20
307,307,307,569,694.28,2024-06-19,26
308,308,308,86,3524.33,2024-02-03,6
309,309,309,354,3852.52,2024-09-19,5
310,310,310,124,6002.41,2024-08-12,5
311,311,311,71,3632.09,2024-04-02,3
312,312,312,706,5815.29,2024-08-01,8
313,313,313,254,2277.28,2024-06-02,8
314,314,314,524,1079.28,2024-09-12,16
315,315,315,504,7243.11,2024-03-29,17
316,316,316,184,4762.23,2024-05-12,7
317,317,317,64,2947.66,2024-03-28,17
318,318,318,835,2607.68,2024-03-06,18
319,319,319,827,7290.65,2024-07-15,24
320,320,320,644,1483.34,2024-01-27,29
321,321,321,863,6673.17,2024-09-30,11
322,322,322,192,9515.78,2024-03-22,14
323,323,323,58,8606.7,2024-05-29,3
324,324,324,265,3819.74,2024-07-11,16
325,325,325,654,583.57,2024-06-18,10
326,326,326,952,1985.54,2024-07-22,18
327,327,327,986,2200.66,2024-04-16,14
328,328,328,707,6936.34,2024-01-20,14
329,329,329,558,9898.28,2024-07-02,15
330,330,330,758,1219.47,2024-09-16,25
331,331,331,422,9387.55,2023-10-30,23
332,332,332,956,9649.73,2024-05-21,29
333,333,333,894,2267.3,2024-06-02,3
334,334,334,48,1865.19,2024-06-29,19
335,335,335,702,7849.21,2024-03-05,14
336,336,336,850,1472.89,2024-02-14,25
337,337,337,559,2463.88,2024-03-01,2
338,338,338,426,4951.51,2024-03-22,6
339,339,339,373,6383.4,2024-06-06,21
340,340,340,326,3308.42,2024-01-06,6
341,341,341,2,8752.81,2023-11-10,4
342,342,342,300,2902.2,2024-02-03,17
343,343,343,180,7706.64,2024-06-09,21
344,344,344,245,6315.75,2024-02-12,16
345,345,345,283,8419.34,2023-11-27,8
346,346,346,497,2115.93,2023-10-13,14
347,347,347,364,3696.93,2024-06-29,26
348,348,348,467,3559.57,2024-08-01,2
349,349,349,136,8492.94,2024-02-21,30
350,350,350,139,8906.03,2024-08-02,5
351,351,351,382,2971.73,2024-08-01,28
352,352,352,108,6701.66,2024-08-25,30
353,353,353,149,8036.3,2024-05-25,2
354,354,354,770,6864.06,2024-09-26,8
355,355,355,16,4546.82,2024-05-10,20
356,356,356,490,6193.57,2024-05-13,10
357,357,357,375,2486.72,2024-10-01,21
358,358,358,827,5508.15,2024-03-26,8
359,359,359,439,1019.96,2024-03-19,20
360,360,360,867,7605.54,2024-10-03,5
361,361,361,336,2176.48,2024-08-26,20
362,362,362,450,1987.08,2024-03-06,21
363,363,363,608,6241.32,2024-10-05,28
364,364,364,935,7892.27,2024-08-14,20
365,365,365,317,1389.01,2024-01-11,23
366,366,366,450,5297.77,2024-03-02,19
367,367,367,621,9343.83,2024-06-07,21
368,368,368,851,8733.45,2023-12-27,13
369,369,369,727,7927.48,2024-10-01,9
370,370,370,93,943.79,2024-02-24,30
371,371,371,671,8708.16,2023-10-27,27
372,372,372,801,222.78,2024-05-14,27
373,373,373,777,2502.03,2024-03-05,14
374,374,374,244,9307.82,2023-11-02,4
375,375,375,821,3198.58,2023-12-15,28
376,376,376,489,9083.62,2024-03-04,9
377,377,377,504,8271.12,2024-01-17,18
378,378,378,658,6252.13,2024-07-30,29
379,379,379,842,885.53,2024-01-18,1
380,380,380,656,4315.31,2024-04-12,18
381,381,381,506,3617.05,2024-05-08,28
382,382,382,205,3977.44,2024-03-26,21
383,383,383,12,9229.52,2024-03-04,12
384,384,384,418,5511.48,2024-03-15,24
385,385,385,908,8888.37,2024-07-29,23
386,386,386,199,1654.6,2024-03-27,13
387,387,387,251,2349.06,2023-11-03,30
388,388,388,475,1099.0,2024-05-27,10
389,389,389,1000,4234.24,2024-06-14,8
390,390,390,56,6068.94,2024-09-13,24
391,391,391,49,8695.34,2024-06-06,8
392,392,392,335,4310.04,2023-12-03,8
393,393,393,573,1701.55,2024-07-11,14
394,394,394,688,3300.66,2024-04-05,12
395,395,395,925,276.2,2024-04-21,27
396,396,396,481,6841.92,2024-09-17,20
397,397,397,181,4755.68,2024-02-23,29
398,398,398,476,7554.66,2024-01-07,10
399,399,399,128,5412.68,2024-06-21,8
400,400,400,317,6224.77,2024-08-25,24
401,401,401,213,1262.55,2024-04-03,27
402,402,402,371,4795.01,2024-03-27,9
403,403,403,109,5070.67,2024-01-10,19
404,404,404,774,4200.41,2024-08-28,23
405,405,405,572,6894.74,2024-04-02,10
406,406,406,223,5381.74,2024-01-24,16
407,407,407,340,1788.17,2024-09-30,22
408,408,408,161,3766.57,2023-10-26,12
409,409,409,781,4732.01,2024-01-09,24
410,410,410,432,7121.05,2024-04-23,24
411,411,411,293,3645.7,2024-06-21,7
412,412,412,22,9800.9,2024-10-06,30
413,413,413,333,5256.81,2023-12-17,22
414,414,414,837,1593.29,2024-02-07,22
415,415,415,423,1371.11,2024-04-27,17
416,416,416,604,6917.1,2023-11-18,11
417,417,417,529,1752.57,2024-03-25,2
418,418,418,447,3638.91,2023-12-20,21
419,419,419,608,7723.88,2024-03-15,27
420,420,420,388,4931.52,2024-03-30,28
421,421,421,357,8417.92,2023-12-16,4
422,422,422,586,7241.54,2023-11-07,26
423,423,423,352,8565.47,2023-11-03,20
424,424,424,323,9172.61,2024-06-20,2
425,425,425,285,5117.13,2024-01-27,5
426,426,426,957,5005.96,2024-01-24,26
427,427,427,337,6093.24,2024-03-10,13
428,428,428,656,574.59,2024-08-31,7
429,429,429,314,2674.3,2024-09-21,28
430,430,430,728,2850.33,2024-08-15,26
431,431,431,444,2936.63,2024-06-06,4
432,432,432,342,9804.82,2024-07-15,20
433,433,433,791,5858.7,2024-02-13,15
434,434,434,766,2171.84,2024-07-31,28
435,435,435,432,636.57,2023-11-30,20
436,436,436,870,5059.0,2023-10-10,7
437,437,437,322,2053.56,2023-12-27,5
438,438,438,977,8650.95,2024-09-23,18
439,439,439,707,5573.12,2024-06-19,7
440,440,440,563,9966.43,2024-10-05,14
441,441,441,353,1702.53,2023-11-07,12
442,442,442,561,7242.14,2024-09-07,4
443,443,443,359,3616.14,2023-12-10,3
444,444,444,580,2683.95,2023-11-16,4
445,445,445,698,6128.46,2024-06-30,9
446,446,446,741,5160.37,2023-10-11,6
447,447,447,613,3083.24,2023-10-17,15
448,448,448,668,9191.9,2024-07-01,18
449,449,449,841,1285.91,2024-08-01,15
450,450,450,419,4628.96,2024-07-29,23
451,451,451,325,2649.73,2024-07-18,11
452,452,452,312,7961.76,2024-05-06,29
453,453,453,248,7971.89,2024-01-19,12
454,454,454,900,8680.64,2023-12-30,21
455,455,455,923,3463.94,2023-10-31,24
456,456,456,325,3439.63,2024-02-11,16
457,457,457,413,5540.27,2023-12-19,24
458,458,458,225,324.98,2024-09-24,22
459,459,459,873,200.82,2024-04-06,13
460,460,460,705,3932.59,2024-09-23,24
461,461,461,501,5046.27,2024-08-08,16
462,462,462,963,8757.55,2024-07-23,13
463,463,463,763,5493.89,2024-09-01,12
464,464,464,893,4296.84,2024-07-16,9
465,465,465,210,1790.79,2023-12-30,26
466,466,466,238,408.46,2024-08-09,6
467,467,467,68,7169.54,2024-03-27,16
468,468,468,971,4186.97,2024-03-17,20
469,469,469,271,2461.49,2024-04-10,25
470,470,470,202,9215.35,2023-10-23,6
471,471,471,629,9913.35,2024-05-05,21
472,472,472,673,293.44,2024-04-28,2
473,473,473,228,3122.02,2024-07-21,26
474,474,474,233,4119.41,2024-04-13,18
475,475,475,304,5848.34,2023-10-09,1
476,476,476,584,3516.68,2023-11-27,30
477,477,477,119,9411.19,2024-01-21,2
478,478,478,150,2222.99,2024-06-04,7
479,479,479,243,3890.22,2023-12-09,19
480,480,480,736,8166.26,2024-09-17,25
481,481,481,202,6956.29,2024-09-29,13
482,482,482,624,3808.9,2024-05-25,21
483,483,483,605,1806.1,2024-05-16,15
484,484,484,334,1301.39,2023-10-10,8
485,485,485,796,3632.39,2024-04-05,28
486,486,486,970,555.45,2023-12-19,30
487,487,487,93,2113.74,2024-09-12,3
488,488,488,893,9857.05,2023-12-24,11
489,489,489,916,5221.79,2024-03-17,29
490,490,490,642,5374.11,2024-04-19,7
491,491,491,147,4560.48,2024-10-01,7
492,492,492,14,8417.1,2024-10-04,8
493,493,493,599,1598.53,2024-06-02,18
494,494,494,538,8629.81,2024-08-06,9
495,495,495,280,5008.17,2024-01-19,20
496,496,496,198,7775.91,2023-10-22,1
497,497,497,348,5346.83,2024-05-19,4
498,498,498,624,4123.15,2023-11-17,5
499,499,499,472,3982.58,2024-08-08,14
500,500,500,629,6303.38,2024-07-10,2
501,501,501,536,608.99,2024-07-02,14
502,502,502,893,7715.96,2024-08-23,25
503,503,503,248,3330.59,2024-05-18,23
504,504,504,142,1091.33,2023-11-02,27
505,505,505,340,9133.42,2024-03-05,30
506,506,506,52,9708.88,2023-12-04,12
507,507,507,393,8982.88,2024-02-27,19
508,508,508,929,7685.88,2024-02-03,11
509,509,509,862,9443.96,2024-04-06,18
510,510,510,158,4072.01,2024-03-21,18
511,511,511,553,4069.34,2024-03-02,4
512,512,512,709,875.23,2024-09-22,7
513,513,513,294,6609.91,2024-02-24,3
514,514,514,297,4959.82,2023-11-16,8
515,515,515,642,400.36,2023-11-11,5
516,516,516,776,6988.05,2024-05-22,9
517,517,517,31,3462.92,2023-10-10,3
518,518,518,928,4327.59,2023-10-16,27
519,519,519,620,7012.47,2024-06-11,30
520,520,520,63,6516.65,2024-05-31,26
521,521,521,807,5507.19,2024-08-02,12
522,522,522,206,399.38,2023-12-18,8
523,523,523,412,7888.55,2024-04-17,7
524,524,524,630,717.72,2024-07-15,23
525,525,525,531,4843.15,2023-12-23,29
526,526,526,288,7901.48,2024-09-15,13
527,527,527,516,3392.87,2023-12-27,3
528,528,528,576,9342.54,2023-12-06,9
529,529,529,248,7311.01,2024-02-21,29
530,530,530,225,9718.42,2024-06-29,16
531,531,531,749,5054.25,2024-04-29,19
532,532,532,275,5183.87,2024-02-03,13
533,533,533,363,3231.27,2024-09-10,27
534,534,534,29,3514.37,2024-09-16,21
535,535,535,827,8752.61,2023-12-21,6
536,536,536,302,7969.34,2023-12-09,21
537,537,537,757,8293.2,2024-01-02,21
538,538,538,166,1747.78,2024-09-02,5
539,539,539,356,4356.11,2023-12-20,23
540,540,540,645,2611.83,2024-08-13,8
541,541,541,484,715.02,2024-04-26,15
542,542,542,682,9605.01,2024-06-29,7
543,543,543,340,9516.77,2023-10-30,17
544,544,544,713,8012.19,2023-10-29,22
545,545,545,240,7928.34,2024-03-04,20
546,546,546,377,7210.59,2024-02-10,11
547,547,547,163,2928.85,2024-07-28,1
548,548,548,269,7345.92,2024-05-13,15
549,549,549,498,803.56,2024-02-03,6
550,550,550,440,8733.7,2024-09-05,22
551,551,551,369,6049.67,2024-06-22,17
552,552,552,151,5694.72,2024-07-19,1
553,553,553,420,3105.44,2024-07-16,18
554,554,554,503,2787.58,2024-08-03,21
555,555,555,914,1072.36,2024-01-03,21
556,556,556,74,4927.48,2024-06-10,27
557,557,557,781,9690.34,2024-02-27,24
558,558,558,458,2348.97,2024-03-12,3
559,559,559,372,6813.23,2024-03-29,30
560,560,560,871,3661.86,2024-07-29,19
561,561,561,101,5317.67,2024-02-06,25
562,562,562,613,4856.14,2023-12-07,29
563,563,563,86,4996.01,2023-10-29,6
564,564,564,5,9223.78,2024-03-22,18
565,565,565,509,3979.54,2024-02-11,28
566,566,566,681,2233.9,2024-07-11,2
567,567,567,151,3666.55,2024-01-27,21
568,568,568,550,5444.79,2024-08-16,29
569,569,569,290,9928.99,2024-10-07,27
570,570,570,184,1434.37,2023-10-14,25
571,571,571,269,9739.05,2024-06-09,30
572,572,572,550,6319.1,2024-01-11,1
573,573,573,68,3218.89,2024-06-28,8
574,574,574,900,7125.4,2024-09-13,28
575,575,575,751,9701.73,2024-03-19,16
576,576,576,29,7152.43,2024-07-04,1
577,577,577,722,3308.0,2024-04-30,16
578,578,578,312,1619.53,2024-01-07,20
579,579,579,945,6142.68,2024-09-13,12
580,580,580,931,411.06,2024-07-04,14
581,581,581,471,7608.62,2024-07-31,28
582,582,582,314,6107.83,2024-05-23,28
583,583,583,265,2750.51,2024-03-23,2
584,584,584,822,6027.4,2024-07-07,2
585,585,585,922,744.68,2023-10-14,8
586,586,586,699,8764.76,2023-11-21,30
587,587,587,974,5365.83,2024-02-29,21
588,588,588,767,2506.12,2024-09-17,12
589,589,589,553,9427.16,2024-08-10,9
590,590,590,686,6923.9,2024-08-07,2
591,591,591,876,7492.4,2024-05-23,11
592,592,592,15,1360.75,2024-01-28,12
593,593,593,116,4385.4,2024-02-08,20
594,594,594,788,829.98,2024-01-25,5
595,595,595,632,9913.96,2024-04-07,24
596,596,596,637,6791.02,2024-07-19,22
597,597,597,922,1636.71,2024-08-31,3
598,598,598,624,1350.04,2024-06-29,29
599,599,599,778,5198.11,2023-12-07,18
600,600,600,262,2234.43,2024-08-05,16
601,601,601,80,1412.3,2024-02-20,29
602,602,602,992,8476.75,2023-11-27,24
603,603,603,436,1182.44,2024-08-09,30
604,604,604,444,6702.03,2024-05-23,16
605,605,605,802,9599.12,2024-05-04,19
606,606,606,938,8598.98,2024-03-08,23
607,607,607,201,5510.97,2024-04-27,12
608,608,608,169,2074.59,2023-10-27,10
609,609,609,959,8909.74,2024-09-23,5
610,610,610,704,4051.29,2023-10-17,10
611,611,611,962,767.91,2023-12-04,3
612,612,612,984,986.63,2024-10-06,24
613,613,613,576,2481.73,2024-09-25,10
614,614,614,799,3191.2,2024-04-19,17
615,615,615,748,135.2,2024-07-23,24
616,616,616,941,7729.49,2024-02-24,22
617,617,617,846,8102.92,2024-04-21,11
618,618,618,805,1160.46,2024-01-08,22
619,619,619,398,1964.35,2024-01-02,22
620,620,620,266,7336.24,2023-11-08,16
621,621,621,546,9611.93,2023-10-24,9
622,622,622,597,7229.82,2024-09-22,4
623,623,623,466,9632.74,2023-12-25,11
624,624,624,228,5915.65,2024-05-31,1
625,625,625,292,4018.86,2024-03-20,16
626,626,626,476,9172.75,2024-02-06,17
627,627,627,111,5547.78,2024-08-17,19
628,628,628,651,7562.41,2024-08-03,7
629,629,629,610,9886.03,2023-11-07,24
630,630,630,567,6876.44,2024-03-19,5
631,631,631,786,4557.7,2024-05-31,2
632,632,632,466,8913.02,2024-04-29,4
633,633,633,321,3070.7,2024-03-12,15
634,634,634,317,6286.04,2024-05-21,23
635,635,635,557,9843.66,2024-09-15,20
636,636,636,702,2398.66,2024-06-23,15
637,637,637,703,4025.79,2024-06-11,30
638,638,638,369,1225.31,2023-12-08,12
639,639,639,145,3215.74,2024-07-18,19
640,640,640,884,1509.79,2024-02-12,5
641,641,641,739,507.5,2024-03-25,14
642,642,642,347,4129.37,2023-10-26,30
643,643,643,324,2860.67,2024-08-27,25
644,644,644,780,4387.05,2024-04-01,30
645,645,645,839,3259.3,2024-04-13,11
646,646,646,812,5270.08,2024-06-18,19
647,647,647,906,7453.38,2024-09-22,12
648,648,648,556,8566.67,2024-04-09,26
649,649,649,905,8745.91,2024-08-26,27
650,650,650,446,3810.13,2024-05-16,23
651,651,651,31,8633.84,2024-09-18,30
652,652,652,40,7693.08,2024-02-22,7
653,653,653,945,7496.53,2023-11-21,9
654,654,654,373,9567.15,2024-06-21,25
655,655,655,456,8071.64,2023-12-21,7
656,656,656,269,1684.28,2024-06-23,19
657,657,657,50,9322.25,2024-06-11,14
658,658,658,21,2851.98,2023-11-13,17
659,659,659,993,5103.91,2023-10-24,30
660,660,660,918,9091.45,2024-02-25,13
661,661,661,133,8161.9,2024-04-14,28
662,662,662,796,956.09,2023-10-19,26
663,663,663,678,9268.58,2024-01-19,12
664,664,664,871,5306.72,2024-05-08,20
665,665,665,182,8707.16,2024-06-29,25
666,666,666,779,4768.09,2024-02-19,19
667,667,667,981,8799.72,2023-11-29,30
668,668,668,851,1221.98,2024-04-25,4
669,669,669,454,6311.91,2023-10-15,6
670,670,670,666,3424.58,2024-04-01,14
671,671,671,832,3371.14,2024-09-23,28
672,672,672,210,7381.88,2024-06-09,25
673,673,673,557,5510.35,2024-06-28,27
674,674,674,993,2774.78,2024-10-04,12
675,675,675,654,7762.77,2024-08-02,18
676,676,676,815,2049.93,2024-05-20,19
677,677,677,252,7601.01,2024-02-03,24
678,678,678,936,5352.53,2024-09-17,3
679,679,679,907,5601.74,2024-05-18,26
680,680,680,688,6392.82,2024-01-11,13
681,681,681,929,4199.34,2024-06-27,30
682,682,682,27,8428.76,2023-10-27,14
683,683,683,9,4859.19,2024-05-09,23
684,684,684,261,9544.22,2024-01-17,28
685,685,685,194,5965.65,2024-08-29,7
686,686,686,243,2510.05,2024-01-04,13
687,687,687,804,6367.74,2024-07-29,27
688,688,688,969,5943.64,2024-06-15,16
689,689,689,431,7280.35,2023-11-16,22
690,690,690,679,2197.89,2024-05-09,11
691,691,691,407,9064.34,2023-11-14,28
692,692,692,872,673.8,2024-07-02,7
693,693,693,306,4583.1,2024-10-04,23
694,694,694,304,1443.52,2023-12-06,26
695,695,695,595,4208.18,2024-08-10,2
696,696,696,788,6800.93,2024-04-08,20
697,697,697,140,9871.87,2024-07-30,12
698,698,698,365,2208.99,2023-11-16,10
699,699,699,838,8678.29,2024-04-06,29
700,700,700,378,5099.17,2024-06-13,3
701,701,701,531,2129.05,2024-06-04,4
702,702,702,485,8155.32,2023-12-14,18
703,703,703,32,2092.54,2024-03-06,26
704,704,704,594,3182.5,2024-03-21,28
705,705,705,123,8176.48,2024-01-23,6
706,706,706,82,853.15,2024-08-07,22
707,707,707,696,9553.39,2024-05-01,11
708,708,708,456,7750.74,2024-09-07,24
709,709,709,205,826.47,2024-03-25,8
710,710,710,14,4244.38,2023-12-21,7
711,711,711,673,146.52,2024-08-04,16
712,712,712,604,5708.15,2024-01-30,24
713,713,713,645,9676.37,2024-04-12,23
714,714,714,315,4986.51,2024-03-28,29
715,715,715,520,5507.01,2024-10-05,20
716,716,716,672,9311.91,2023-10-11,17
717,717,717,514,706.25,2023-12-24,2
718,718,718,904,6194.88,2024-05-18,14
719,719,719,900,466.43,2024-08-28,1
720,720,720,721,5800.8,2024-07-10,4
721,721,721,765,394.59,2024-03-06,19
722,722,722,110,1088.84,2023-11-08,20
723,723,723,909,3617.04,2023-10-18,2
724,724,724,42,4191.44,2023-12-06,16
725,725,725,390,3692.71,2024-07-12,4
726,726,726,991,907.98,2024-02-21,2
727,727,727,440,6279.22,2023-12-23,18
728,728,728,852,7846.8,2024-08-17,8
729,729,729,619,8113.16,2024-01-17,14
730,730,730,851,7170.32,2023-12-15,25
731,731,731,625,4812.66,2024-08-22,23
732,732,732,241,9738.48,2024-02-27,10
733,733,733,816,5816.32,2024-01-30,29
734,734,734,333,3261.4,2023-12-04,13
735,735,735,835,9357.58,2023-11-19,24
736,736,736,75,353.02,2024-03-18,10
737,737,737,750,7381.09,2023-12-04,29
738,738,738,51,8805.16,2024-08-02,25
739,739,739,63,4063.68,2023-10-24,28
740,740,740,908,9190.23,2023-10-10,26
741,741,741,210,6408.26,2024-08-31,29
742,742,742,861,3286.65,2024-02-07,13
743,743,743,861,9372.53,2024-04-09,9
744,744,744,17,3830.86,2024-04-23,20
745,745,745,962,2133.21,2024-09-25,11
746,746,746,880,6558.96,2024-01-15,27
747,747,747,770,2494.04,2024-03-21,12
748,748,748,577,1803.8,2024-05-10,17
749,749,749,934,2265.03,2024-05-12,11
750,750,750,20,2013.21,2024-04-03,6
751,751,751,683,3224.39,2023-11-29,29
752,752,752,649,3086.92,2024-07-27,20
753,753,753,445,548.75,2023-11-12,2
754,754,754,231,3977.61,2023-12-12,20
755,755,755,541,8939.3,2024-08-09,30
756,756,756,244,5846.08,2024-10-06,16
757,757,757,290,9075.72,2024-07-31,26
758,758,758,46,840.6,2024-02-26,7
759,759,759,21,8227.36,2024-03-01,17
760,760,760,873,5206.36,2023-12-22,15
761,761,761,1,6841.0,2024-05-30,23
762,762,762,522,3697.14,2024-09-15,18
763,763,763,833,3804.87,2024-02-19,15
764,764,764,670,490.32,2024-09-25,9
765,765,765,129,1326.0,2024-06-14,22
766,766,766,328,4591.49,2024-02-11,4
767,767,767,623,7227.03,2024-06-26,30
768,768,768,923,2974.04,2024-01-19,12
769,769,769,512,5783.26,2024-05-10,17
770,770,770,991,4316.45,2024-10-02,23
771,771,771,529,4917.72,2024-04-24,2
772,772,772,178,7106.19,2024-09-26,15
773,773,773,766,8385.7,2024-09-12,26
774,774,774,174,9980.88,2023-11-07,10
775,775,775,106,3121.34,2023-11-21,7
776,776,776,107,1139.39,2023-12-22,20
777,777,777,878,6486.88,2024-02-21,20
778,778,778,186,8834.32,2024-01-27,17
779,779,779,102,7070.94,2024-08-17,13
780,780,780,501,7512.08,2024-09-19,22
781,781,781,883,7233.85,2024-05-11,8
782,782,782,824,4827.78,2024-03-13,4
783,783,783,207,4647.29,2024-02-04,17
784,784,784,685,9796.79,2024-10-05,7
785,785,785,672,2573.72,2024-06-10,29
786,786,786,388,2861.8,2024-05-16,16
787,787,787,292,9612.73,2024-04-28,20
788,788,788,137,560.46,2024-07-02,10
789,789,789,896,6653.16,2023-11-07,4
790,790,790,204,9467.13,2024-08-17,7
791,791,791,794,9232.87,2024-05-13,23
792,792,792,163,3744.71,2024-07-23,21
793,793,793,450,3069.88,2024-04-18,23
794,794,794,631,4097.26,2023-10-22,3
795,795,795,374,1745.26,2024-06-15,9
796,796,796,204,5661.39,2023-11-18,7
797,797,797,527,4627.99,2024-06-13,28
798,798,798,35,9652.13,2024-01-03,10
799,799,799,559,2169.89,2024-03-27,18
800,800,800,42,1316.86,2024-02-01,28
801,801,801,903,3039.68,2024-09-15,19
802,802,802,332,5620.98,2024-02-25,6
803,803,803,517,290.17,2024-04-28,22
804,804,804,516,787.1,2024-01-09,4
805,805,805,419,5691.51,2024-02-08,25
806,806,806,171,4466.33,2024-09-22,7
807,807,807,271,5131.98,2024-01-12,29
808,808,808,881,9887.69,2023-11-27,30
809,809,809,45,9577.81,2024-05-21,4
810,810,810,482,4270.43,2024-03-19,29
811,811,811,84,8152.11,2024-09-18,25
812,812,812,841,5869.44,2024-07-09,19
813,813,813,36,2082.08,2024-06-26,30
814,814,814,221,7372.7,2023-10-09,19
815,815,815,138,3067.23,2024-09-05,23
816,816,816,427,1562.37,2024-06-02,26
817,817,817,771,7415.09,2023-12-12,22
818,818,818,20,9175.46,2024-08-04,25
819,819,819,217,6363.73,2023-11-09,25
820,820,820,911,7160.71,2024-03-11,27
821,821,821,924,541.61,2024-07-29,14
822,822,822,324,3615.93,2023-12-24,1
823,823,823,638,8164.53,2023-12-11,20
824,824,824,849,7598.75,2024-06-15,16
825,825,825,689,9271.53,2024-08-16,25
826,826,826,624,1159.45,2024-09-24,5
827,827,827,526,4543.28,2024-06-21,27
828,828,828,730,8707.58,2024-02-26,24
829,829,829,230,2299.63,2023-12-27,4
830,830,830,543,7811.49,2024-02-11,8
831,831,831,348,9904.69,2024-02-14,5
832,832,832,491,9040.59,2024-07-25,6
833,833,833,404,811.04,2024-08-22,11
834,834,834,95,8320.99,2024-06-22,5
835,835,835,381,382.18,2024-03-12,11
836,836,836,971,5830.27,2024-03-01,17
837,837,837,10,6381.24,2023-12-09,15
838,838,838,608,9621.51,2024-03-28,20
839,839,839,319,3290.64,2023-11-24,4
840,840,840,281,6650.75,2024-06-08,16
841,841,841,360,2178.75,2023-11-18,27
842,842,842,395,4119.05,2024-04-16,22
843,843,843,454,8768.42,2024-03-18,1
844,844,844,382,7607.3,2024-06-03,22
845,845,845,526,2220.39,2023-11-02,30
846,846,846,349,8701.1,2024-04-18,22
847,847,847,598,9227.57,2024-04-28,21
848,848,848,226,4188.12,2024-03-29,15
849,849,849,240,8060.51,2024-01-31,15
850,850,850,33,7976.65,2023-11-25,16
851,851,851,855,268.7,2024-08-03,12
852,852,852,828,884.21,2024-08-01,23
853,853,853,467,6522.63,2023-12-06,3
854,854,854,46,238.41,2024-04-18,5
855,855,855,495,6192.98,2024-08-18,29
856,856,856,738,1284.13,2024-09-29,23
857,857,857,11,901.89,2023-11-24,16
858,858,858,593,7639.58,2024-06-24,12
859,859,859,569,4271.84,2024-05-10,9
860,860,860,198,8847.66,2024-07-20,28
861,861,861,791,2695.81,2023-10-30,18
862,862,862,127,554.9,2024-07-05,25
863,863,863,295,7280.6,2024-02-02,16
864,864,864,174,8439.31,2024-09-28,25
865,865,865,777,4468.97,2024-08-15,21
866,866,866,951,1190.24,2024-08-16,3
867,867,867,549,6186.86,2024-08-11,2
868,868,868,742,3109.29,2024-05-14,8
869,869,869,346,6092.06,2024-01-12,11
870,870,870,664,3861.88,2023-10-20,22
871,871,871,889,7399.38,2024-03-29,13
872,872,872,469,6032.43,2024-02-19,18
873,873,873,390,419.2,2024-01-21,17
874,874,874,735,1852.44,2024-06-11,28
875,875,875,257,7091.92,2024-03-16,25
876,876,876,943,7699.9,2024-04-26,5
877,877,877,467,2845.36,2024-06-02,1
878,878,878,390,502.27,2023-10-11,30
879,879,879,192,4039.39,2024-09-16,8
880,880,880,653,1676.2,2023-11-29,20
881,881,881,403,6742.85,2024-05-27,6
882,882,882,101,3456.21,2024-04-18,15
883,883,883,125,1903.73,2024-09-23,23
884,884,884,796,8892.24,2024-04-27,4
885,885,885,816,9189.41,2024-07-02,1
886,886,886,896,8877.7,2024-07-22,14
887,887,887,298,7041.95,2024-03-27,16
888,888,888,422,4612.74,2024-05-02,15
889,889,889,564,9944.28,2023-10-31,17
890,890,890,326,8813.44,2024-05-23,5
891,891,891,509,8717.05,2024-03-17,2
892,892,892,813,569.86,2024-06-25,18
893,893,893,17,7203.78,2024-02-24,24
894,894,894,664,3968.47,2024-03-27,24
895,895,895,267,8353.94,2024-05-20,29
896,896,896,741,2928.55,2023-11-02,12
897,897,897,369,8439.45,2023-10-21,17
898,898,898,728,5650.59,2024-02-12,24
899,899,899,155,7589.82,2024-04-28,28
900,900,900,256,1762.71,2024-02-02,25
901,901,901,575,703.89,2024-05-28,15
902,902,902,958,6584.65,2024-08-02,8
903,903,903,444,1252.54,2023-11-03,26
904,904,904,870,4811.57,2024-09-06,3
905,905,905,799,8458.25,2023-10-31,13
906,906,906,400,4201.24,2024-07-04,25
907,907,907,717,5956.04,2023-11-13,18
908,908,908,715,5238.57,2024-08-02,28
909,909,909,537,6098.84,2024-07-15,9
910,910,910,96,5839.88,2023-12-19,11
911,911,911,606,3736.52,2024-05-06,11
912,912,912,924,6195.66,2024-04-18,20
913,913,913,222,1170.82,2023-10-30,26
914,914,914,294,9142.19,2024-08-16,20
915,915,915,121,4230.69,2023-11-09,22
916,916,916,63,1720.54,2024-08-19,7
917,917,917,799,7085.12,2024-03-06,23
918,918,918,641,1171.52,2023-11-20,15
919,919,919,586,5714.39,2023-12-17,3
920,920,920,931,137.26,2023-11-02,17
921,921,921,344,8267.27,2023-10-26,10
922,922,922,279,6752.64,2024-01-25,1
923,923,923,630,1187.05,2024-03-04,4
924,924,924,54,306.6,2023-11-08,6
925,925,925,984,9795.2,2024-07-28,10
926,926,926,453,6688.72,2024-08-02,1
927,927,927,688,3642.01,2024-07-13,24
928,928,928,287,6760.89,2024-04-09,8
929,929,929,694,5608.31,2024-06-28,24
930,930,930,861,4065.39,2023-11-07,24
931,931,931,573,537.13,2024-04-08,23
932,932,932,552,3843.67,2024-02-04,10
933,933,933,99,6583.91,2024-04-30,19
934,934,934,634,9400.89,2023-11-09,12
935,935,935,342,6821.75,2024-09-04,10
936,936,936,443,9573.57,2024-04-20,16
937,937,937,391,3586.58,2023-12-22,18
938,938,938,680,6663.16,2024-08-30,12
939,939,939,265,807.08,2024-04-04,17
940,940,940,812,5039.29,2023-11-18,9
941,941,941,140,5159.4,2024-03-05,23
942,942,942,281,682.66,2023-11-28,11
943,943,943,669,4549.22,2024-07-01,5
944,944,944,222,4775.31,2024-02-24,14
945,945,945,43,4337.32,2024-05-03,22
946,946,946,652,9010.22,2024-08-02,22
947,947,947,362,905.35,2024-04-07,22
948,948,948,434,2646.51,2023-10-19,20
949,949,949,164,966.95,2024-04-22,24
950,950,950,888,8884.07,2024-04-21,17
951,951,951,539,6063.83,2024-05-23,28
952,952,952,567,5661.09,2024-08-20,28
953,953,953,554,3283.24,2023-11-23,5
954,954,954,25,3771.63,2023-12-31,6
955,955,955,252,9483.67,2024-03-24,17
956,956,956,986,900.08,2024-05-18,13
957,957,957,990,7632.0,2023-10-15,7
958,958,958,202,5936.39,2024-07-05,29
959,959,959,432,7921.44,2024-05-09,4
960,960,960,324,5662.67,2023-12-01,9
961,961,961,561,575.72,2023-10-22,29
962,962,962,610,7448.63,2023-11-03,1
963,963,963,941,8788.47,2023-12-02,11
964,964,964,519,4692.02,2024-03-27,22
965,965,965,482,6164.26,2024-08-13,21
966,966,966,584,6523.36,2024-08-20,21
967,967,967,661,6715.21,2024-09-30,8
968,968,968,238,7802.27,2023-11-09,6
969,969,969,366,2908.41,2024-03-12,1
970,970,970,608,8609.18,2024-02-25,29
971,971,971,227,8952.77,2024-10-04,27
972,972,972,781,8334.1,2023-11-16,14
973,973,973,910,3484.4,2023-12-19,3
974,974,974,283,5556.98,2024-06-08,27
975,975,975,232,8061.04,2024-08-08,9
976,976,976,812,1777.78,2024-05-12,22
977,977,977,535,1254.57,2024-05-14,11
978,978,978,580,4249.26,2024-03-28,24
979,979,979,887,5133.8,2024-01-25,21
980,980,980,730,5684.16,2023-10-21,14
981,981,981,840,5944.47,2024-06-19,20
982,982,982,590,2382.59,2024-07-04,22
983,983,983,522,4369.06,2024-09-12,18
984,984,984,676,1388.65,2024-06-08,16
985,985,985,710,2127.54,2023-10-14,29
986,986,986,386,9267.09,2024-02-20,12
987,987,987,944,6913.26,2023-11-15,1
988,988,988,684,8084.21,2024-09-29,26
989,989,989,841,3977.36,2024-01-03,24
990,990,990,869,4386.35,2024-04-04,21
991,991,991,958,8489.19,2024-04-29,9
992,992,992,868,6866.21,2024-03-22,16
993,993,993,179,1364.8,2024-02-20,28
994,994,994,602,6093.78,2024-07-28,20
995,995,995,440,6383.89,2023-12-26,30
996,996,996,531,1453.25,2023-12-20,8
997,997,997,600,8781.68,2024-06-03,21
998,998,998,896,3281.8,2024-07-20,10
999,999,999,834,829.51,2024-06-01,9
1000,1000,1000,401,1814.17,2024-01-26,14
